appliance,day_of_week,time,energy_consumption_kWh,temperature_setting_C,usage_duration_minutes
Dishwasher,Friday,00:00:00,2.5313,20.00266667,59.79555556
Dishwasher,Friday,01:00:00,2.561155556,19.95744444,57.88777778
Dishwasher,Friday,02:00:00,2.545866667,19.97833333,59.93777778
Dishwasher,Friday,03:00:00,2.544966667,19.90744444,58.59666667
Dishwasher,Friday,04:00:00,2.571777778,19.89122222,59.02222222
Dishwasher,Friday,05:00:00,2.605155556,19.93644444,60.35
Dishwasher,Friday,06:00:00,2.590222222,19.95066667,60.73777778
Dishwasher,Friday,07:00:00,2.521322222,19.88644444,57.95111111
Dishwasher,Friday,08:00:00,2.570022222,19.85866667,60.39333333
Dishwasher,Friday,09:00:00,2.611711111,19.98611111,57.88222222
Dishwasher,Friday,10:00:00,2.6278,20.10255556,60.54111111
Dishwasher,Friday,11:00:00,2.601388889,19.93588889,59.88555556
Dishwasher,Friday,12:00:00,2.582566667,19.99344444,58.05777778
Dishwasher,Friday,13:00:00,2.5673,19.974,60.37
Dishwasher,Friday,14:00:00,2.563111111,19.95344444,60.59666667
Dishwasher,Friday,15:00:00,2.609677778,20.16011111,58.96777778
Dishwasher,Friday,16:00:00,2.5504,20.07733333,60.16
Dishwasher,Friday,17:00:00,2.604077778,19.92955556,58.73222222
Dishwasher,Friday,18:00:00,2.506666667,20.11144444,59.72777778
Dishwasher,Friday,19:00:00,2.483355556,19.92811111,59.24777778
Dishwasher,Friday,20:00:00,2.539155556,20.01611111,59.08
Dishwasher,Friday,21:00:00,2.588266667,19.89555556,59.62
Dishwasher,Friday,22:00:00,2.490088889,19.99966667,61.16222222
Dishwasher,Friday,23:00:00,2.562666667,19.93222222,61.19777778
Dishwasher,Monday,00:00:00,2.535411111,20.11566667,58.83333333
Dishwasher,Monday,01:00:00,2.6044,19.95044444,61.62555556
Dishwasher,Monday,02:00:00,2.5264,20.04844444,60.99111111
Dishwasher,Monday,03:00:00,2.516055556,19.98155556,58.94888889
Dishwasher,Monday,04:00:00,2.545833333,19.93055556,60.59222222
Dishwasher,Monday,05:00:00,2.638255556,19.94011111,60.22888889
Dishwasher,Monday,06:00:00,2.558766667,19.91422222,59.12888889
Dishwasher,Monday,07:00:00,2.587455556,20.04244444,59.85
Dishwasher,Monday,08:00:00,2.6137,19.90077778,59.64888889
Dishwasher,Monday,09:00:00,2.559822222,20.11344444,57.50333333
Dishwasher,Monday,10:00:00,2.526644444,20.06311111,61.53
Dishwasher,Monday,11:00:00,2.536966667,19.93455556,61.13888889
Dishwasher,Monday,12:00:00,2.543677778,20.12166667,60.13333333
Dishwasher,Monday,13:00:00,2.511577778,19.89977778,61.69111111
Dishwasher,Monday,14:00:00,2.531933333,19.91166667,62.87111111
Dishwasher,Monday,15:00:00,2.5938,19.91011111,61.97
Dishwasher,Monday,16:00:00,2.563066667,20.11,59.92888889
Dishwasher,Monday,17:00:00,2.488566667,20.07388889,59.94111111
Dishwasher,Monday,18:00:00,2.575333333,19.88388889,59.76666667
Dishwasher,Monday,19:00:00,2.5758,19.83877778,58.93333333
Dishwasher,Monday,20:00:00,2.563311111,19.92577778,60.55777778
Dishwasher,Monday,21:00:00,2.505188889,20.02711111,57.98777778
Dishwasher,Monday,22:00:00,2.672366667,20.11033333,61.67
Dishwasher,Monday,23:00:00,2.485,20.06933333,59.67333333
Dishwasher,Saturday,00:00:00,2.528388889,20.01066667,59.83222222
Dishwasher,Saturday,01:00:00,2.511455556,20.01011111,60.84666667
Dishwasher,Saturday,02:00:00,2.514544444,19.92922222,60.46
Dishwasher,Saturday,03:00:00,2.5678,19.82955556,58.3
Dishwasher,Saturday,04:00:00,2.5666,20.264,58.01888889
Dishwasher,Saturday,05:00:00,2.628166667,19.96222222,60.48222222
Dishwasher,Saturday,06:00:00,2.488033333,19.95288889,61.68666667
Dishwasher,Saturday,07:00:00,2.592533333,20.04511111,58.53444444
Dishwasher,Saturday,08:00:00,2.525733333,20.19544444,59.69888889
Dishwasher,Saturday,09:00:00,2.508011111,20.07711111,62.37444444
Dishwasher,Saturday,10:00:00,2.581522222,20.02466667,61.24444444
Dishwasher,Saturday,11:00:00,2.471777778,20.107,61.91333333
Dishwasher,Saturday,12:00:00,2.582255556,20.06955556,60.23
Dishwasher,Saturday,13:00:00,2.560522222,19.90866667,58.67666667
Dishwasher,Saturday,14:00:00,2.628011111,19.86333333,59.87666667
Dishwasher,Saturday,15:00:00,2.500855556,19.83777778,60.41555556
Dishwasher,Saturday,16:00:00,2.599433333,20.10722222,61.97666667
Dishwasher,Saturday,17:00:00,2.505022222,20.10411111,60.32222222
Dishwasher,Saturday,18:00:00,2.592544444,20.04655556,61.13666667
Dishwasher,Saturday,19:00:00,2.544422222,19.93022222,60.71777778
Dishwasher,Saturday,20:00:00,2.611811111,20.00833333,60.59222222
Dishwasher,Saturday,21:00:00,2.567166667,20.07911111,59.00111111
Dishwasher,Saturday,22:00:00,2.569922222,20.074,61.34111111
Dishwasher,Saturday,23:00:00,2.636388889,20.02077778,60.20222222
Dishwasher,Sunday,00:00:00,2.514166667,20.00833333,58.96
Dishwasher,Sunday,01:00:00,2.566211111,20.12311111,60.27333333
Dishwasher,Sunday,02:00:00,2.562188889,19.95422222,61.74444444
Dishwasher,Sunday,03:00:00,2.505622222,19.976,60.70222222
Dishwasher,Sunday,04:00:00,2.490655556,19.94766667,60.26333333
Dishwasher,Sunday,05:00:00,2.539433333,19.99211111,61.65333333
Dishwasher,Sunday,06:00:00,2.520633333,19.99233333,60.74555556
Dishwasher,Sunday,07:00:00,2.596422222,19.97322222,57.56888889
Dishwasher,Sunday,08:00:00,2.511277778,19.74688889,59.17
Dishwasher,Sunday,09:00:00,2.566066667,19.93466667,61.39666667
Dishwasher,Sunday,10:00:00,2.611044444,20.13633333,60.07555556
Dishwasher,Sunday,11:00:00,2.483322222,19.91988889,60.59777778
Dishwasher,Sunday,12:00:00,2.526488889,20.00222222,60.74
Dishwasher,Sunday,13:00:00,2.603066667,19.87844444,59.91666667
Dishwasher,Sunday,14:00:00,2.524944444,20.02622222,59.90222222
Dishwasher,Sunday,15:00:00,2.548,19.85611111,61.50222222
Dishwasher,Sunday,16:00:00,2.528466667,20.10611111,60.56888889
Dishwasher,Sunday,17:00:00,2.526955556,20.00911111,62.0
Dishwasher,Sunday,18:00:00,2.612666667,20.00166667,57.63111111
Dishwasher,Sunday,19:00:00,2.59,20.10433333,58.30444444
Dishwasher,Sunday,20:00:00,2.5583,20.07022222,56.12
Dishwasher,Sunday,21:00:00,2.542933333,19.97744444,60.15666667
Dishwasher,Sunday,22:00:00,2.577944444,20.05655556,60.52222222
Dishwasher,Sunday,23:00:00,2.557455556,19.82988889,59.99444444
Dishwasher,Thursday,00:00:00,2.555977778,20.04722222,59.91666667
Dishwasher,Thursday,01:00:00,2.587077778,19.89011111,58.76444444
Dishwasher,Thursday,02:00:00,2.526033333,20.04111111,59.13666667
Dishwasher,Thursday,03:00:00,2.538544444,19.995,58.24333333
Dishwasher,Thursday,04:00:00,2.469433333,19.98388889,59.79666667
Dishwasher,Thursday,05:00:00,2.600666667,19.99277778,60.44444444
Dishwasher,Thursday,06:00:00,2.548411111,19.75266667,59.54888889
Dishwasher,Thursday,07:00:00,2.536888889,20.08577778,59.18777778
Dishwasher,Thursday,08:00:00,2.609911111,19.94133333,60.99
Dishwasher,Thursday,09:00:00,2.525955556,19.95966667,59.80111111
Dishwasher,Thursday,10:00:00,2.5791,20.01066667,59.25777778
Dishwasher,Thursday,11:00:00,2.478455556,19.96788889,57.94333333
Dishwasher,Thursday,12:00:00,2.511966667,20.01444444,60.58444444
Dishwasher,Thursday,13:00:00,2.598366667,20.00177778,60.19333333
Dishwasher,Thursday,14:00:00,2.536544444,20.05022222,60.43
Dishwasher,Thursday,15:00:00,2.482277778,19.978,60.81
Dishwasher,Thursday,16:00:00,2.560944444,19.93855556,58.68666667
Dishwasher,Thursday,17:00:00,2.527622222,19.78833333,59.03222222
Dishwasher,Thursday,18:00:00,2.616744444,19.85922222,60.26333333
Dishwasher,Thursday,19:00:00,2.678011111,20.02933333,59.76666667
Dishwasher,Thursday,20:00:00,2.658433333,19.96422222,59.31555556
Dishwasher,Thursday,21:00:00,2.523244444,19.98244444,58.69555556
Dishwasher,Thursday,22:00:00,2.585288889,19.99311111,61.50777778
Dishwasher,Thursday,23:00:00,2.537266667,19.99111111,60.76
Dishwasher,Tuesday,00:00:00,2.656411111,20.13911111,58.99333333
Dishwasher,Tuesday,01:00:00,2.532322222,19.87233333,60.29555556
Dishwasher,Tuesday,02:00:00,2.5168,20.13766667,58.67777778
Dishwasher,Tuesday,03:00:00,2.533,20.06166667,60.53444444
Dishwasher,Tuesday,04:00:00,2.612855556,20.21122222,58.90777778
Dishwasher,Tuesday,05:00:00,2.5603,20.08188889,60.20555556
Dishwasher,Tuesday,06:00:00,2.475744444,19.96388889,60.82111111
Dishwasher,Tuesday,07:00:00,2.417166667,19.92822222,61.01666667
Dishwasher,Tuesday,08:00:00,2.577633333,19.90744444,60.56333333
Dishwasher,Tuesday,09:00:00,2.556133333,19.96022222,63.01
Dishwasher,Tuesday,10:00:00,2.554311111,19.994,59.69666667
Dishwasher,Tuesday,11:00:00,2.576255556,20.003,59.86666667
Dishwasher,Tuesday,12:00:00,2.591588889,20.09277778,61.32111111
Dishwasher,Tuesday,13:00:00,2.454577778,19.98511111,60.80888889
Dishwasher,Tuesday,14:00:00,2.585733333,19.95688889,60.17
Dishwasher,Tuesday,15:00:00,2.573944444,20.05366667,59.44222222
Dishwasher,Tuesday,16:00:00,2.574377778,20.194,61.41888889
Dishwasher,Tuesday,17:00:00,2.516966667,19.98088889,60.42111111
Dishwasher,Tuesday,18:00:00,2.526966667,20.025,60.17222222
Dishwasher,Tuesday,19:00:00,2.553544444,19.95888889,60.24888889
Dishwasher,Tuesday,20:00:00,2.521611111,19.87655556,58.82333333
Dishwasher,Tuesday,21:00:00,2.574644444,19.99177778,59.76555556
Dishwasher,Tuesday,22:00:00,2.558288889,19.87788889,60.37444444
Dishwasher,Tuesday,23:00:00,2.558588889,19.927,58.04888889
Dishwasher,Wednesday,00:00:00,2.517644444,19.99966667,58.51777778
Dishwasher,Wednesday,01:00:00,2.630733333,20.02222222,60.97555556
Dishwasher,Wednesday,02:00:00,2.578088889,19.94888889,59.67777778
Dishwasher,Wednesday,03:00:00,2.568066667,19.99044444,61.75333333
Dishwasher,Wednesday,04:00:00,2.518266667,20.16588889,60.23666667
Dishwasher,Wednesday,05:00:00,2.5091,20.086,61.44888889
Dishwasher,Wednesday,06:00:00,2.545233333,19.92477778,62.40111111
Dishwasher,Wednesday,07:00:00,2.573866667,19.90633333,60.62333333
Dishwasher,Wednesday,08:00:00,2.566444444,19.75477778,59.11444444
Dishwasher,Wednesday,09:00:00,2.558511111,19.98733333,61.29666667
Dishwasher,Wednesday,10:00:00,2.533266667,20.00877778,61.90111111
Dishwasher,Wednesday,11:00:00,2.578277778,20.06188889,58.52
Dishwasher,Wednesday,12:00:00,2.564877778,20.11077778,60.06222222
Dishwasher,Wednesday,13:00:00,2.632111111,19.84866667,59.37777778
Dishwasher,Wednesday,14:00:00,2.578744444,20.23022222,59.72444444
Dishwasher,Wednesday,15:00:00,2.5597,19.90333333,58.98222222
Dishwasher,Wednesday,16:00:00,2.561477778,19.94833333,61.84888889
Dishwasher,Wednesday,17:00:00,2.585877778,20.04888889,61.56555556
Dishwasher,Wednesday,18:00:00,2.544733333,20.05922222,58.59777778
Dishwasher,Wednesday,19:00:00,2.480077778,20.10888889,57.96888889
Dishwasher,Wednesday,20:00:00,2.580422222,20.14577778,60.54333333
Dishwasher,Wednesday,21:00:00,2.533133333,19.92466667,59.22555556
Dishwasher,Wednesday,22:00:00,2.497255556,19.96177778,58.88777778
Dishwasher,Wednesday,23:00:00,2.567211111,20.02155556,61.37555556
Electronics,Friday,00:00:00,2.534488889,20.02255556,60.68666667
Electronics,Friday,01:00:00,2.526744444,20.06666667,56.25111111
Electronics,Friday,02:00:00,2.557344444,20.20444444,60.76
Electronics,Friday,03:00:00,2.514188889,19.90833333,60.57777778
Electronics,Friday,04:00:00,2.5487,19.71411111,59.55666667
Electronics,Friday,05:00:00,2.532755556,20.12344444,61.52333333
Electronics,Friday,06:00:00,2.533055556,19.94033333,59.80333333
Electronics,Friday,07:00:00,2.593566667,20.03288889,60.87666667
Electronics,Friday,08:00:00,2.5432,19.76988889,59.93222222
Electronics,Friday,09:00:00,2.588344444,20.16688889,62.49111111
Electronics,Friday,10:00:00,2.533177778,19.867,59.53333333
Electronics,Friday,11:00:00,2.561388889,20.00211111,59.78777778
Electronics,Friday,12:00:00,2.534177778,20.03955556,60.95666667
Electronics,Friday,13:00:00,2.506288889,20.17611111,59.65333333
Electronics,Friday,14:00:00,2.5885,19.87222222,60.84777778
Electronics,Friday,15:00:00,2.630955556,20.25122222,59.07666667
Electronics,Friday,16:00:00,2.550733333,19.94111111,60.17222222
Electronics,Friday,17:00:00,2.625888889,19.819,58.17888889
Electronics,Friday,18:00:00,2.6022,19.98066667,58.88222222
Electronics,Friday,19:00:00,2.5285,20.04777778,60.70777778
Electronics,Friday,20:00:00,2.540833333,19.99144444,60.77333333
Electronics,Friday,21:00:00,2.577755556,19.99911111,59.52666667
Electronics,Friday,22:00:00,2.585477778,20.09155556,61.07222222
Electronics,Friday,23:00:00,2.506633333,19.84877778,60.28
Electronics,Monday,00:00:00,2.584233333,19.88788889,60.97555556
Electronics,Monday,01:00:00,2.554688889,20.00488889,59.87333333
Electronics,Monday,02:00:00,2.571377778,19.851,59.32555556
Electronics,Monday,03:00:00,2.584755556,19.95022222,61.26666667
Electronics,Monday,04:00:00,2.523177778,20.08833333,60.27444444
Electronics,Monday,05:00:00,2.541133333,20.15,60.28666667
Electronics,Monday,06:00:00,2.518611111,19.89911111,61.46555556
Electronics,Monday,07:00:00,2.553955556,20.10888889,60.97666667
Electronics,Monday,08:00:00,2.491688889,19.922,60.34
Electronics,Monday,09:00:00,2.539366667,19.96488889,60.10222222
Electronics,Monday,10:00:00,2.590077778,20.10933333,60.94666667
Electronics,Monday,11:00:00,2.523533333,19.97133333,58.68222222
Electronics,Monday,12:00:00,2.593155556,19.98255556,60.51111111
Electronics,Monday,13:00:00,2.589611111,19.91377778,62.37111111
Electronics,Monday,14:00:00,2.507677778,19.94666667,59.66666667
Electronics,Monday,15:00:00,2.545766667,20.12722222,60.11222222
Electronics,Monday,16:00:00,2.449722222,19.84566667,59.70444444
Electronics,Monday,17:00:00,2.555855556,20.247,59.61888889
Electronics,Monday,18:00:00,2.631177778,20.17955556,60.19222222
Electronics,Monday,19:00:00,2.555044444,19.93388889,59.46888889
Electronics,Monday,20:00:00,2.539311111,19.91955556,60.57333333
Electronics,Monday,21:00:00,2.591466667,20.15433333,59.83888889
Electronics,Monday,22:00:00,2.558522222,19.91122222,59.04666667
Electronics,Monday,23:00:00,2.5202,19.97455556,61.86666667
Electronics,Saturday,00:00:00,2.567377778,19.99066667,59.92777778
Electronics,Saturday,01:00:00,2.465,19.93066667,58.28
Electronics,Saturday,02:00:00,2.495955556,20.02333333,60.39444444
Electronics,Saturday,03:00:00,2.533244444,19.94911111,58.97444444
Electronics,Saturday,04:00:00,2.4936,20.06177778,59.74333333
Electronics,Saturday,05:00:00,2.596466667,19.98066667,60.36111111
Electronics,Saturday,06:00:00,2.5389,20.02744444,57.58555556
Electronics,Saturday,07:00:00,2.580255556,19.99588889,61.64111111
Electronics,Saturday,08:00:00,2.541877778,20.08811111,60.03777778
Electronics,Saturday,09:00:00,2.488488889,20.038,61.89
Electronics,Saturday,10:00:00,2.598033333,20.08266667,61.81777778
Electronics,Saturday,11:00:00,2.554777778,19.89944444,60.58555556
Electronics,Saturday,12:00:00,2.435311111,20.03755556,61.57333333
Electronics,Saturday,13:00:00,2.576277778,19.99611111,59.59666667
Electronics,Saturday,14:00:00,2.538022222,20.11422222,62.75666667
Electronics,Saturday,15:00:00,2.555566667,19.98222222,63.35444444
Electronics,Saturday,16:00:00,2.606488889,19.92166667,59.85555556
Electronics,Saturday,17:00:00,2.478922222,20.01566667,62.02
Electronics,Saturday,18:00:00,2.593811111,19.99822222,59.33444444
Electronics,Saturday,19:00:00,2.507688889,20.03877778,59.19444444
Electronics,Saturday,20:00:00,2.589111111,19.739,60.01111111
Electronics,Saturday,21:00:00,2.589844444,19.97855556,62.09222222
Electronics,Saturday,22:00:00,2.518722222,20.104,59.33666667
Electronics,Saturday,23:00:00,2.584844444,20.03988889,59.97
Electronics,Sunday,00:00:00,2.547422222,20.02833333,60.09555556
Electronics,Sunday,01:00:00,2.509988889,19.88244444,59.45777778
Electronics,Sunday,02:00:00,2.560777778,19.94533333,60.40444444
Electronics,Sunday,03:00:00,2.544833333,20.00277778,59.74777778
Electronics,Sunday,04:00:00,2.486466667,20.06055556,58.69666667
Electronics,Sunday,05:00:00,2.4323,20.07411111,60.52555556
Electronics,Sunday,06:00:00,2.620366667,19.83177778,58.90111111
Electronics,Sunday,07:00:00,2.549922222,19.98788889,60.35
Electronics,Sunday,08:00:00,2.481611111,19.83977778,59.10222222
Electronics,Sunday,09:00:00,2.5841,20.10022222,60.52444444
Electronics,Sunday,10:00:00,2.548644444,20.00811111,58.78666667
Electronics,Sunday,11:00:00,2.521511111,20.04211111,61.71888889
Electronics,Sunday,12:00:00,2.531688889,19.821,58.63333333
Electronics,Sunday,13:00:00,2.567555556,19.96711111,57.65666667
Electronics,Sunday,14:00:00,2.521777778,20.00977778,60.57666667
Electronics,Sunday,15:00:00,2.549833333,19.94822222,57.48333333
Electronics,Sunday,16:00:00,2.573966667,19.98888889,60.15111111
Electronics,Sunday,17:00:00,2.389644444,19.89488889,57.77555556
Electronics,Sunday,18:00:00,2.500011111,20.07966667,60.39333333
Electronics,Sunday,19:00:00,2.526422222,20.17455556,60.43
Electronics,Sunday,20:00:00,2.513488889,19.89333333,60.38111111
Electronics,Sunday,21:00:00,2.5619,20.00311111,61.14777778
Electronics,Sunday,22:00:00,2.581688889,19.894,58.46666667
Electronics,Sunday,23:00:00,2.499622222,19.98944444,60.53222222
Electronics,Thursday,00:00:00,2.539911111,19.97755556,58.45888889
Electronics,Thursday,01:00:00,2.537544444,19.91322222,59.69333333
Electronics,Thursday,02:00:00,2.527011111,20.05122222,58.88333333
Electronics,Thursday,03:00:00,2.532511111,20.10055556,58.45333333
Electronics,Thursday,04:00:00,2.514244444,19.90788889,62.46666667
Electronics,Thursday,05:00:00,2.509711111,19.96855556,59.14777778
Electronics,Thursday,06:00:00,2.459666667,19.93688889,60.37333333
Electronics,Thursday,07:00:00,2.501222222,19.99233333,59.49333333
Electronics,Thursday,08:00:00,2.560877778,20.10633333,60.02
Electronics,Thursday,09:00:00,2.562677778,19.95388889,61.01333333
Electronics,Thursday,10:00:00,2.549966667,19.896,60.25333333
Electronics,Thursday,11:00:00,2.624033333,20.02577778,58.86666667
Electronics,Thursday,12:00:00,2.507555556,19.93266667,58.75666667
Electronics,Thursday,13:00:00,2.647633333,19.99511111,61.66888889
Electronics,Thursday,14:00:00,2.506588889,19.905,58.07777778
Electronics,Thursday,15:00:00,2.4496,20.13166667,58.88888889
Electronics,Thursday,16:00:00,2.561955556,20.03633333,60.50888889
Electronics,Thursday,17:00:00,2.632455556,20.12688889,59.90222222
Electronics,Thursday,18:00:00,2.4665,20.01955556,59.92333333
Electronics,Thursday,19:00:00,2.480011111,19.87866667,59.83111111
Electronics,Thursday,20:00:00,2.649844444,20.02877778,60.5
Electronics,Thursday,21:00:00,2.5776,19.92455556,58.05
Electronics,Thursday,22:00:00,2.5647,20.00844444,59.15555556
Electronics,Thursday,23:00:00,2.5243,20.067,61.08333333
Electronics,Tuesday,00:00:00,2.572677778,20.049,62.05666667
Electronics,Tuesday,01:00:00,2.564488889,20.00322222,62.73
Electronics,Tuesday,02:00:00,2.455033333,20.05311111,60.31666667
Electronics,Tuesday,03:00:00,2.515255556,19.96366667,60.52555556
Electronics,Tuesday,04:00:00,2.5185,19.97877778,59.78111111
Electronics,Tuesday,05:00:00,2.568677778,20.067,58.49
Electronics,Tuesday,06:00:00,2.623411111,19.94388889,59.78444444
Electronics,Tuesday,07:00:00,2.490344444,20.03888889,60.31666667
Electronics,Tuesday,08:00:00,2.4412,19.94433333,60.01555556
Electronics,Tuesday,09:00:00,2.639611111,19.96766667,60.6
Electronics,Tuesday,10:00:00,2.5331,19.96522222,62.04333333
Electronics,Tuesday,11:00:00,2.568655556,19.94811111,58.13222222
Electronics,Tuesday,12:00:00,2.570744444,19.86911111,57.28666667
Electronics,Tuesday,13:00:00,2.582844444,20.00422222,58.57555556
Electronics,Tuesday,14:00:00,2.549266667,20.06822222,58.36555556
Electronics,Tuesday,15:00:00,2.588788889,19.97877778,59.49
Electronics,Tuesday,16:00:00,2.499411111,19.93355556,59.82555556
Electronics,Tuesday,17:00:00,2.5082,20.07655556,59.32222222
Electronics,Tuesday,18:00:00,2.513411111,19.96822222,58.64
Electronics,Tuesday,19:00:00,2.631655556,20.062,59.87111111
Electronics,Tuesday,20:00:00,2.5372,20.01877778,59.87444444
Electronics,Tuesday,21:00:00,2.528277778,19.99711111,58.66555556
Electronics,Tuesday,22:00:00,2.484944444,20.01811111,61.20777778
Electronics,Tuesday,23:00:00,2.5118,19.90955556,59.70111111
Electronics,Wednesday,00:00:00,2.598966667,20.05377778,59.57888889
Electronics,Wednesday,01:00:00,2.564455556,19.87355556,58.80444444
Electronics,Wednesday,02:00:00,2.621233333,20.06533333,56.69555556
Electronics,Wednesday,03:00:00,2.535755556,20.12655556,59.10444444
Electronics,Wednesday,04:00:00,2.554711111,20.05966667,60.14555556
Electronics,Wednesday,05:00:00,2.607444444,19.90311111,58.91888889
Electronics,Wednesday,06:00:00,2.524711111,20.03688889,59.24777778
Electronics,Wednesday,07:00:00,2.498988889,19.95566667,62.22888889
Electronics,Wednesday,08:00:00,2.549355556,19.91844444,59.09777778
Electronics,Wednesday,09:00:00,2.598377778,19.925,60.19555556
Electronics,Wednesday,10:00:00,2.608977778,19.97533333,60.26666667
Electronics,Wednesday,11:00:00,2.545344444,19.95755556,59.78222222
Electronics,Wednesday,12:00:00,2.5027,20.04366667,60.68111111
Electronics,Wednesday,13:00:00,2.484633333,19.86177778,59.13777778
Electronics,Wednesday,14:00:00,2.525988889,19.93966667,59.52111111
Electronics,Wednesday,15:00:00,2.501644444,20.08633333,60.18444444
Electronics,Wednesday,16:00:00,2.559744444,20.10144444,58.97777778
Electronics,Wednesday,17:00:00,2.504655556,20.109,59.58666667
Electronics,Wednesday,18:00:00,2.543911111,19.82244444,60.06
Electronics,Wednesday,19:00:00,2.506322222,19.946,60.84444444
Electronics,Wednesday,20:00:00,2.580966667,19.99955556,60.66777778
Electronics,Wednesday,21:00:00,2.552233333,19.98022222,61.54777778
Electronics,Wednesday,22:00:00,2.4998,20.03222222,61.12666667
Electronics,Wednesday,23:00:00,2.540722222,19.98833333,60.46555556
HVAC,Friday,00:00:00,2.536844444,19.949,61.14777778
HVAC,Friday,01:00:00,2.507855556,20.00688889,60.79111111
HVAC,Friday,02:00:00,2.570566667,19.95388889,60.49222222
HVAC,Friday,03:00:00,2.545877778,20.06322222,61.06666667
HVAC,Friday,04:00:00,2.581077778,19.98755556,59.95444444
HVAC,Friday,05:00:00,2.538011111,19.97622222,59.20444444
HVAC,Friday,06:00:00,2.631733333,19.90033333,58.27
HVAC,Friday,07:00:00,2.614766667,19.99522222,59.29333333
HVAC,Friday,08:00:00,2.598355556,19.91788889,59.32666667
HVAC,Friday,09:00:00,2.381988889,19.98533333,58.62222222
HVAC,Friday,10:00:00,2.645611111,20.20555556,60.23777778
HVAC,Friday,11:00:00,2.5868,20.16677778,60.76666667
HVAC,Friday,12:00:00,2.533266667,20.19766667,59.47333333
HVAC,Friday,13:00:00,2.534644444,19.93166667,60.83111111
HVAC,Friday,14:00:00,2.587788889,20.01477778,58.73555556
HVAC,Friday,15:00:00,2.597822222,20.06277778,59.17
HVAC,Friday,16:00:00,2.5611,20.01433333,58.91222222
HVAC,Friday,17:00:00,2.551222222,19.90277778,60.24555556
HVAC,Friday,18:00:00,2.551988889,20.12122222,58.05333333
HVAC,Friday,19:00:00,2.524144444,19.93355556,58.90555556
HVAC,Friday,20:00:00,2.550122222,20.03955556,58.47333333
HVAC,Friday,21:00:00,2.553344444,19.90666667,59.65222222
HVAC,Friday,22:00:00,2.601444444,19.98777778,59.46666667
HVAC,Friday,23:00:00,2.598011111,20.06866667,58.82
HVAC,Monday,00:00:00,2.499,20.325,59.50777778
HVAC,Monday,01:00:00,2.497333333,20.01555556,60.48888889
HVAC,Monday,02:00:00,2.571533333,19.83088889,58.14666667
HVAC,Monday,03:00:00,2.445944444,19.98222222,57.66222222
HVAC,Monday,04:00:00,2.556555556,19.96944444,60.52333333
HVAC,Monday,05:00:00,2.524677778,20.01022222,61.24111111
HVAC,Monday,06:00:00,2.594722222,19.90222222,59.87
HVAC,Monday,07:00:00,2.515366667,20.04533333,58.90222222
HVAC,Monday,08:00:00,2.6556,20.04022222,61.24666667
HVAC,Monday,09:00:00,2.587688889,20.00722222,58.36444444
HVAC,Monday,10:00:00,2.471937639,19.98407572,59.89977728
HVAC,Monday,11:00:00,2.585744444,20.01411111,60.09555556
HVAC,Monday,12:00:00,2.5215,19.91611111,61.13
HVAC,Monday,13:00:00,2.559933333,20.06833333,59.29222222
HVAC,Monday,14:00:00,2.588666667,19.99955556,58.83555556
HVAC,Monday,15:00:00,2.564022222,20.15411111,61.45444444
HVAC,Monday,16:00:00,2.588411111,19.85033333,58.82777778
HVAC,Monday,17:00:00,2.600466667,20.01488889,61.49555556
HVAC,Monday,18:00:00,2.566922222,19.93977778,58.97222222
HVAC,Monday,19:00:00,2.595111111,20.05511111,59.03555556
HVAC,Monday,20:00:00,2.638166667,20.17711111,58.59888889
HVAC,Monday,21:00:00,2.5488,20.01711111,61.03333333
HVAC,Monday,22:00:00,2.575466667,20.08644444,61.75444444
HVAC,Monday,23:00:00,2.469611111,19.94888889,60.98222222
HVAC,Saturday,00:00:00,2.603811111,19.982,61.55111111
HVAC,Saturday,01:00:00,2.577644444,19.92144444,60.19222222
HVAC,Saturday,02:00:00,2.615255556,20.07477778,60.11222222
HVAC,Saturday,03:00:00,2.501388889,20.11188889,58.91444444
HVAC,Saturday,04:00:00,2.461233333,19.87077778,59.37444444
HVAC,Saturday,05:00:00,2.518611111,19.88566667,60.63111111
HVAC,Saturday,06:00:00,2.570166667,20.08944444,59.83888889
HVAC,Saturday,07:00:00,2.558788889,19.96255556,59.00666667
HVAC,Saturday,08:00:00,2.577122222,19.903,59.38777778
HVAC,Saturday,09:00:00,2.573422222,19.87022222,59.35444444
HVAC,Saturday,10:00:00,2.4557,20.00755556,60.34555556
HVAC,Saturday,11:00:00,2.479922222,20.03755556,57.64111111
HVAC,Saturday,12:00:00,2.560655556,19.94955556,60.65777778
HVAC,Saturday,13:00:00,2.597677778,19.99977778,60.65333333
HVAC,Saturday,14:00:00,2.500955556,20.086,60.82666667
HVAC,Saturday,15:00:00,2.555611111,19.91311111,61.43666667
HVAC,Saturday,16:00:00,2.567911111,19.752,60.46111111
HVAC,Saturday,17:00:00,2.462277778,20.09877778,62.12333333
HVAC,Saturday,18:00:00,2.527966667,20.04377778,59.52111111
HVAC,Saturday,19:00:00,2.512188889,19.86422222,61.03111111
HVAC,Saturday,20:00:00,2.606111111,19.92722222,60.27555556
HVAC,Saturday,21:00:00,2.4929,19.93633333,60.15333333
HVAC,Saturday,22:00:00,2.589566667,20.00177778,58.76222222
HVAC,Saturday,23:00:00,2.487033333,20.012,60.97888889
HVAC,Sunday,00:00:00,2.540433333,19.97222222,60.67333333
HVAC,Sunday,01:00:00,2.5387,20.02888889,59.88111111
HVAC,Sunday,02:00:00,2.542266667,20.05133333,61.23333333
HVAC,Sunday,03:00:00,2.671922222,19.94788889,59.06333333
HVAC,Sunday,04:00:00,2.520277778,20.07311111,58.33333333
HVAC,Sunday,05:00:00,2.587977778,19.94211111,58.24444444
HVAC,Sunday,06:00:00,2.606477778,19.96877778,59.54222222
HVAC,Sunday,07:00:00,2.594411111,20.23044444,59.25111111
HVAC,Sunday,08:00:00,2.497577778,20.00855556,63.06888889
HVAC,Sunday,09:00:00,2.514477778,19.92488889,58.21111111
HVAC,Sunday,10:00:00,2.646511111,19.81,61.31
HVAC,Sunday,11:00:00,2.450711111,19.982,59.42333333
HVAC,Sunday,12:00:00,2.548311111,20.04111111,61.60222222
HVAC,Sunday,13:00:00,2.609344444,20.045,60.08888889
HVAC,Sunday,14:00:00,2.561322222,19.91744444,58.81444444
HVAC,Sunday,15:00:00,2.6212,19.86977778,61.28555556
HVAC,Sunday,16:00:00,2.514266667,20.03288889,59.95444444
HVAC,Sunday,17:00:00,2.578211111,19.86511111,61.41777778
HVAC,Sunday,18:00:00,2.549433333,20.10611111,61.14555556
HVAC,Sunday,19:00:00,2.505888889,19.95066667,59.52666667
HVAC,Sunday,20:00:00,2.528422222,19.925,59.66888889
HVAC,Sunday,21:00:00,2.611222222,20.22144444,62.12666667
HVAC,Sunday,22:00:00,2.624588889,19.87433333,59.57444444
HVAC,Sunday,23:00:00,2.598922222,20.08666667,60.10555556
HVAC,Thursday,00:00:00,2.606255556,20.01411111,60.19222222
HVAC,Thursday,01:00:00,2.545844444,19.94144444,61.99
HVAC,Thursday,02:00:00,2.561333333,19.97544444,60.61222222
HVAC,Thursday,03:00:00,2.556233333,20.04866667,58.97555556
HVAC,Thursday,04:00:00,2.5431,20.00822222,59.40666667
HVAC,Thursday,05:00:00,2.525833333,19.91888889,61.49888889
HVAC,Thursday,06:00:00,2.572544444,19.941,60.33666667
HVAC,Thursday,07:00:00,2.543722222,20.05066667,58.9
HVAC,Thursday,08:00:00,2.469477778,19.99322222,58.35888889
HVAC,Thursday,09:00:00,2.571766667,20.00622222,60.57555556
HVAC,Thursday,10:00:00,2.516311111,20.03533333,58.17555556
HVAC,Thursday,11:00:00,2.531677778,19.903,58.63444444
HVAC,Thursday,12:00:00,2.550644444,19.92755556,60.43111111
HVAC,Thursday,13:00:00,2.497988889,19.911,61.51555556
HVAC,Thursday,14:00:00,2.548222222,20.012,60.93555556
HVAC,Thursday,15:00:00,2.511755556,20.05866667,59.40666667
HVAC,Thursday,16:00:00,2.527933333,20.05911111,59.40333333
HVAC,Thursday,17:00:00,2.677711111,20.03855556,60.62222222
HVAC,Thursday,18:00:00,2.513588889,19.90711111,59.23444444
HVAC,Thursday,19:00:00,2.530088889,20.02988889,59.82666667
HVAC,Thursday,20:00:00,2.648488889,20.11622222,60.12222222
HVAC,Thursday,21:00:00,2.488122222,20.04311111,59.16444444
HVAC,Thursday,22:00:00,2.502466667,19.97733333,60.27333333
HVAC,Thursday,23:00:00,2.5869,20.00611111,61.71
HVAC,Tuesday,00:00:00,2.587877778,19.90022222,60.49444444
HVAC,Tuesday,01:00:00,2.481711111,20.07622222,59.94777778
HVAC,Tuesday,02:00:00,2.526433333,19.85933333,60.31333333
HVAC,Tuesday,03:00:00,2.450855556,20.00888889,60.17222222
HVAC,Tuesday,04:00:00,2.5945,19.956,60.32555556
HVAC,Tuesday,05:00:00,2.546233333,19.82566667,58.85
HVAC,Tuesday,06:00:00,2.508177778,20.01255556,59.30111111
HVAC,Tuesday,07:00:00,2.532133333,19.87244444,61.17111111
HVAC,Tuesday,08:00:00,2.565488889,20.012,59.95666667
HVAC,Tuesday,09:00:00,2.53,19.85133333,58.35222222
HVAC,Tuesday,10:00:00,2.5399,19.97122222,61.20444444
HVAC,Tuesday,11:00:00,2.4777,20.015,61.41444444
HVAC,Tuesday,12:00:00,2.540744444,20.08266667,60.71666667
HVAC,Tuesday,13:00:00,2.635544444,20.09733333,58.71777778
HVAC,Tuesday,14:00:00,2.548911111,20.17677778,59.07666667
HVAC,Tuesday,15:00:00,2.535655556,19.85288889,61.35777778
HVAC,Tuesday,16:00:00,2.583244444,19.77222222,58.92222222
HVAC,Tuesday,17:00:00,2.560588889,19.95955556,59.28111111
HVAC,Tuesday,18:00:00,2.494444444,20.18233333,60.09333333
HVAC,Tuesday,19:00:00,2.458255556,19.917,60.57
HVAC,Tuesday,20:00:00,2.578322222,19.95811111,61.58888889
HVAC,Tuesday,21:00:00,2.512066667,19.99455556,58.42444444
HVAC,Tuesday,22:00:00,2.639155556,19.85855556,59.47111111
HVAC,Tuesday,23:00:00,2.497344444,20.10933333,60.88333333
HVAC,Wednesday,00:00:00,2.502522222,20.01655556,60.77111111
HVAC,Wednesday,01:00:00,2.540744444,20.03822222,58.81777778
HVAC,Wednesday,02:00:00,2.546544444,20.10066667,62.53333333
HVAC,Wednesday,03:00:00,2.543811111,20.05977778,60.64222222
HVAC,Wednesday,04:00:00,2.555677778,20.06422222,61.24
HVAC,Wednesday,05:00:00,2.486911111,19.80388889,58.38
HVAC,Wednesday,06:00:00,2.625411111,19.99744444,60.42111111
HVAC,Wednesday,07:00:00,2.577422222,19.97877778,59.38888889
HVAC,Wednesday,08:00:00,2.566455556,20.02988889,56.40777778
HVAC,Wednesday,09:00:00,2.537288889,19.95944444,59.26444444
HVAC,Wednesday,10:00:00,2.580777778,20.01655556,60.08555556
HVAC,Wednesday,11:00:00,2.507522222,20.16122222,62.73555556
HVAC,Wednesday,12:00:00,2.537422222,19.91744444,59.70111111
HVAC,Wednesday,13:00:00,2.537055556,19.92277778,60.77
HVAC,Wednesday,14:00:00,2.496422222,20.09677778,60.51333333
HVAC,Wednesday,15:00:00,2.541044444,19.96333333,59.57111111
HVAC,Wednesday,16:00:00,2.574477778,20.14188889,59.39444444
HVAC,Wednesday,17:00:00,2.491655556,19.95666667,59.68
HVAC,Wednesday,18:00:00,2.546433333,20.02166667,60.37333333
HVAC,Wednesday,19:00:00,2.5533,20.00355556,59.33888889
HVAC,Wednesday,20:00:00,2.528466667,20.024,61.74888889
HVAC,Wednesday,21:00:00,2.600766667,19.883,61.76111111
HVAC,Wednesday,22:00:00,2.567,20.02477778,58.59777778
HVAC,Wednesday,23:00:00,2.589477778,20.01155556,60.75888889
Lighting,Friday,00:00:00,2.642044444,20.023,59.90555556
Lighting,Friday,01:00:00,2.517055556,20.07166667,62.08444444
Lighting,Friday,02:00:00,2.567011111,20.00655556,57.91444444
Lighting,Friday,03:00:00,2.497822222,19.816,58.99666667
Lighting,Friday,04:00:00,2.512511111,19.78755556,62.74555556
Lighting,Friday,05:00:00,2.579711111,20.02844444,57.99888889
Lighting,Friday,06:00:00,2.548866667,19.89222222,59.30222222
Lighting,Friday,07:00:00,2.5922,19.95222222,59.87888889
Lighting,Friday,08:00:00,2.541222222,19.87666667,59.40777778
Lighting,Friday,09:00:00,2.566322222,19.98288889,59.79111111
Lighting,Friday,10:00:00,2.495166667,19.84377778,60.23444444
Lighting,Friday,11:00:00,2.538277778,20.02133333,61.31111111
Lighting,Friday,12:00:00,2.504844444,20.01244444,61.21444444
Lighting,Friday,13:00:00,2.552566667,20.01511111,58.28888889
Lighting,Friday,14:00:00,2.608544444,20.07355556,61.26888889
Lighting,Friday,15:00:00,2.521522222,19.96044444,62.14444444
Lighting,Friday,16:00:00,2.533922222,20.19255556,61.42555556
Lighting,Friday,17:00:00,2.578377778,20.06966667,59.73333333
Lighting,Friday,18:00:00,2.590711111,20.03144444,59.04777778
Lighting,Friday,19:00:00,2.555933333,19.87455556,61.8
Lighting,Friday,20:00:00,2.511633333,19.98844444,59.87333333
Lighting,Friday,21:00:00,2.5275,19.94366667,59.58777778
Lighting,Friday,22:00:00,2.497133333,20.01511111,61.99777778
Lighting,Friday,23:00:00,2.531011111,19.901,59.42
Lighting,Monday,00:00:00,2.519366667,19.905,61.54111111
Lighting,Monday,01:00:00,2.580511111,19.993,60.17777778
Lighting,Monday,02:00:00,2.552811111,19.815,62.47555556
Lighting,Monday,03:00:00,2.5239,19.90077778,59.37444444
Lighting,Monday,04:00:00,2.477277778,20.19466667,58.62
Lighting,Monday,05:00:00,2.643988889,19.832,58.74555556
Lighting,Monday,06:00:00,2.5542,20.20355556,59.52333333
Lighting,Monday,07:00:00,2.442255556,20.03955556,61.30555556
Lighting,Monday,08:00:00,2.537488889,20.126,61.84555556
Lighting,Monday,09:00:00,2.581977778,19.90933333,57.96444444
Lighting,Monday,10:00:00,2.554844444,19.87133333,61.95111111
Lighting,Monday,11:00:00,2.500266667,19.85711111,60.57777778
Lighting,Monday,12:00:00,2.555066667,20.09633333,60.72222222
Lighting,Monday,13:00:00,2.547811111,19.85466667,60.55777778
Lighting,Monday,14:00:00,2.584522222,19.81066667,58.24
Lighting,Monday,15:00:00,2.564244444,20.06377778,59.13777778
Lighting,Monday,16:00:00,2.5456,20.03622222,61.66111111
Lighting,Monday,17:00:00,2.491577778,20.15477778,60.42444444
Lighting,Monday,18:00:00,2.517911111,19.943,58.97666667
Lighting,Monday,19:00:00,2.591055556,20.094,58.29666667
Lighting,Monday,20:00:00,2.579433333,19.99,60.04666667
Lighting,Monday,21:00:00,2.632422222,20.09155556,60.23888889
Lighting,Monday,22:00:00,2.5538,19.98211111,61.89777778
Lighting,Monday,23:00:00,2.463,20.02122222,60.90222222
Lighting,Saturday,00:00:00,2.548477778,20.00088889,60.42333333
Lighting,Saturday,01:00:00,2.537811111,19.87,60.65111111
Lighting,Saturday,02:00:00,2.524155556,19.852,60.53666667
Lighting,Saturday,03:00:00,2.540244444,19.92811111,60.61222222
Lighting,Saturday,04:00:00,2.519344444,20.04044444,60.54555556
Lighting,Saturday,05:00:00,2.6063,20.01111111,60.78888889
Lighting,Saturday,06:00:00,2.651788889,20.06511111,60.02222222
Lighting,Saturday,07:00:00,2.545522222,19.88933333,61.00222222
Lighting,Saturday,08:00:00,2.571266667,19.98033333,60.35777778
Lighting,Saturday,09:00:00,2.468944444,20.11122222,60.64555556
Lighting,Saturday,10:00:00,2.481388889,20.01111111,58.50444444
Lighting,Saturday,11:00:00,2.648555556,19.94833333,60.44666667
Lighting,Saturday,12:00:00,2.530733333,19.91944444,59.58888889
Lighting,Saturday,13:00:00,2.549122222,19.91611111,58.97444444
Lighting,Saturday,14:00:00,2.537577778,20.17833333,58.73444444
Lighting,Saturday,15:00:00,2.5969,20.09177778,62.58555556
Lighting,Saturday,16:00:00,2.567022222,19.92411111,60.15777778
Lighting,Saturday,17:00:00,2.572011111,19.93055556,59.17333333
Lighting,Saturday,18:00:00,2.551022222,20.14677778,59.10777778
Lighting,Saturday,19:00:00,2.5494,19.94222222,58.43333333
Lighting,Saturday,20:00:00,2.485555556,19.84922222,60.07222222
Lighting,Saturday,21:00:00,2.585155556,20.126,60.44111111
Lighting,Saturday,22:00:00,2.506488889,20.12633333,60.01222222
Lighting,Saturday,23:00:00,2.594511111,19.85944444,60.35888889
Lighting,Sunday,00:00:00,2.622755556,20.07333333,58.61333333
Lighting,Sunday,01:00:00,2.595977778,20.00388889,59.24777778
Lighting,Sunday,02:00:00,2.573366667,19.96322222,59.71777778
Lighting,Sunday,03:00:00,2.504433333,19.90588889,58.89111111
Lighting,Sunday,04:00:00,2.522022222,20.03911111,59.22333333
Lighting,Sunday,05:00:00,2.629077778,19.99633333,58.49777778
Lighting,Sunday,06:00:00,2.575,19.95788889,61.24111111
Lighting,Sunday,07:00:00,2.494188889,19.98811111,58.87111111
Lighting,Sunday,08:00:00,2.542944444,19.94877778,60.66333333
Lighting,Sunday,09:00:00,2.504333333,20.02733333,59.67555556
Lighting,Sunday,10:00:00,2.605266667,19.88255556,61.41111111
Lighting,Sunday,11:00:00,2.511855556,20.14233333,59.13222222
Lighting,Sunday,12:00:00,2.468811111,20.13244444,59.65444444
Lighting,Sunday,13:00:00,2.574722222,20.08077778,60.89555556
Lighting,Sunday,14:00:00,2.578977778,19.92922222,58.34888889
Lighting,Sunday,15:00:00,2.492077778,20.02844444,58.45
Lighting,Sunday,16:00:00,2.494788889,20.02788889,60.83111111
Lighting,Sunday,17:00:00,2.4871,20.00822222,60.45777778
Lighting,Sunday,18:00:00,2.462544444,19.84711111,59.51555556
Lighting,Sunday,19:00:00,2.5711,20.02011111,60.14666667
Lighting,Sunday,20:00:00,2.527377778,20.00988889,57.82222222
Lighting,Sunday,21:00:00,2.534222222,19.91644444,60.11
Lighting,Sunday,22:00:00,2.595044444,19.99366667,62.37222222
Lighting,Sunday,23:00:00,2.540822222,20.14022222,59.72888889
Lighting,Thursday,00:00:00,2.5206,20.005,60.96555556
Lighting,Thursday,01:00:00,2.466444444,19.99955556,61.75333333
Lighting,Thursday,02:00:00,2.537866667,19.94422222,59.91444444
Lighting,Thursday,03:00:00,2.441444444,20.03422222,59.64444444
Lighting,Thursday,04:00:00,2.574011111,20.09355556,59.95222222
Lighting,Thursday,05:00:00,2.563966667,20.07944444,62.22444444
Lighting,Thursday,06:00:00,2.533888889,20.13966667,61.82555556
Lighting,Thursday,07:00:00,2.558233333,20.02733333,60.66
Lighting,Thursday,08:00:00,2.523855556,20.13433333,60.52666667
Lighting,Thursday,09:00:00,2.464955556,19.95566667,58.73666667
Lighting,Thursday,10:00:00,2.615666667,20.02877778,62.0
Lighting,Thursday,11:00:00,2.49,19.931,59.30333333
Lighting,Thursday,12:00:00,2.512055556,19.912,59.65888889
Lighting,Thursday,13:00:00,2.596944444,20.02455556,59.19777778
Lighting,Thursday,14:00:00,2.514766667,20.02755556,60.23333333
Lighting,Thursday,15:00:00,2.540944444,20.007,60.23111111
Lighting,Thursday,16:00:00,2.599655556,20.01111111,57.5
Lighting,Thursday,17:00:00,2.557944444,20.03733333,60.11222222
Lighting,Thursday,18:00:00,2.453322222,19.93744444,60.43444444
Lighting,Thursday,19:00:00,2.639266667,19.97977778,60.80222222
Lighting,Thursday,20:00:00,2.448844444,20.09033333,60.07777778
Lighting,Thursday,21:00:00,2.569455556,20.02433333,60.31222222
Lighting,Thursday,22:00:00,2.515944444,19.92244444,60.60444444
Lighting,Thursday,23:00:00,2.555977778,20.06266667,62.25444444
Lighting,Tuesday,00:00:00,2.464744444,20.11188889,59.66444444
Lighting,Tuesday,01:00:00,2.603466667,19.99588889,58.17333333
Lighting,Tuesday,02:00:00,2.6098,20.09366667,59.89888889
Lighting,Tuesday,03:00:00,2.571988889,20.05055556,60.64111111
Lighting,Tuesday,04:00:00,2.516888889,20.01055556,61.40222222
Lighting,Tuesday,05:00:00,2.494422222,20.03055556,58.72666667
Lighting,Tuesday,06:00:00,2.581466667,20.05377778,60.04333333
Lighting,Tuesday,07:00:00,2.484444444,20.047,60.12444444
Lighting,Tuesday,08:00:00,2.469911111,19.85088889,60.71444444
Lighting,Tuesday,09:00:00,2.628966667,20.06622222,60.37222222
Lighting,Tuesday,10:00:00,2.596722222,19.96955556,58.55888889
Lighting,Tuesday,11:00:00,2.576222222,20.13488889,62.17555556
Lighting,Tuesday,12:00:00,2.505888889,20.11677778,62.08
Lighting,Tuesday,13:00:00,2.522811111,20.05266667,57.91555556
Lighting,Tuesday,14:00:00,2.624544444,19.96455556,57.35444444
Lighting,Tuesday,15:00:00,2.552477778,20.00877778,60.46555556
Lighting,Tuesday,16:00:00,2.641466667,20.01477778,60.38888889
Lighting,Tuesday,17:00:00,2.511777778,20.13288889,60.69444444
Lighting,Tuesday,18:00:00,2.501388889,19.92077778,61.14444444
Lighting,Tuesday,19:00:00,2.538733333,20.03911111,58.29111111
Lighting,Tuesday,20:00:00,2.525544444,19.99044444,61.57888889
Lighting,Tuesday,21:00:00,2.468611111,19.98966667,60.36555556
Lighting,Tuesday,22:00:00,2.587755556,20.05944444,58.84
Lighting,Tuesday,23:00:00,2.569788889,20.01855556,59.20111111
Lighting,Wednesday,00:00:00,2.5865,19.98766667,61.28555556
Lighting,Wednesday,01:00:00,2.593522222,20.12666667,61.25444444
Lighting,Wednesday,02:00:00,2.540166667,20.00455556,60.53111111
Lighting,Wednesday,03:00:00,2.643711111,20.00477778,58.66888889
Lighting,Wednesday,04:00:00,2.565833333,19.974,61.47555556
Lighting,Wednesday,05:00:00,2.5343,20.05555556,61.88444444
Lighting,Wednesday,06:00:00,2.595855556,20.01488889,58.90777778
Lighting,Wednesday,07:00:00,2.536088889,19.99811111,58.16777778
Lighting,Wednesday,08:00:00,2.536722222,19.97022222,59.81888889
Lighting,Wednesday,09:00:00,2.583188889,19.94311111,62.11222222
Lighting,Wednesday,10:00:00,2.531255556,20.09822222,59.87777778
Lighting,Wednesday,11:00:00,2.5494,19.99966667,59.14333333
Lighting,Wednesday,12:00:00,2.555622222,20.06233333,61.22666667
Lighting,Wednesday,13:00:00,2.591611111,19.97022222,60.95222222
Lighting,Wednesday,14:00:00,2.532311111,20.09977778,61.15777778
Lighting,Wednesday,15:00:00,2.615066667,19.95466667,59.77555556
Lighting,Wednesday,16:00:00,2.532733333,19.95177778,60.19555556
Lighting,Wednesday,17:00:00,2.475233333,19.94455556,60.21333333
Lighting,Wednesday,18:00:00,2.5426,19.791,58.57333333
Lighting,Wednesday,19:00:00,2.500955556,20.09511111,60.68777778
Lighting,Wednesday,20:00:00,2.555277778,20.033,57.89555556
Lighting,Wednesday,21:00:00,2.500066667,19.96422222,60.95222222
Lighting,Wednesday,22:00:00,2.559633333,20.00255556,58.84777778
Lighting,Wednesday,23:00:00,2.547055556,19.90311111,58.60777778
Refrigerator,Friday,00:00:00,2.436033333,20.119,62.35888889
Refrigerator,Friday,01:00:00,2.504355556,20.04611111,59.60666667
Refrigerator,Friday,02:00:00,2.656533333,19.82411111,61.64222222
Refrigerator,Friday,03:00:00,2.567366667,20.03122222,60.96888889
Refrigerator,Friday,04:00:00,2.616688889,19.89522222,60.72111111
Refrigerator,Friday,05:00:00,2.523877778,19.88544444,60.81
Refrigerator,Friday,06:00:00,2.545788889,19.95633333,59.30666667
Refrigerator,Friday,07:00:00,2.5986,20.062,58.33888889
Refrigerator,Friday,08:00:00,2.574266667,19.992,59.72444444
Refrigerator,Friday,09:00:00,2.577277778,19.91477778,58.99777778
Refrigerator,Friday,10:00:00,2.581355556,20.18333333,60.19777778
Refrigerator,Friday,11:00:00,2.576277778,19.89133333,59.15222222
Refrigerator,Friday,12:00:00,2.547222222,19.95822222,59.46
Refrigerator,Friday,13:00:00,2.627222222,19.86755556,63.38
Refrigerator,Friday,14:00:00,2.544088889,20.06477778,61.40111111
Refrigerator,Friday,15:00:00,2.597244444,19.99011111,59.03666667
Refrigerator,Friday,16:00:00,2.518388889,19.94722222,58.50777778
Refrigerator,Friday,17:00:00,2.500433333,19.97277778,59.86555556
Refrigerator,Friday,18:00:00,2.492511111,19.95822222,59.15222222
Refrigerator,Friday,19:00:00,2.5219,19.84866667,59.42
Refrigerator,Friday,20:00:00,2.554644444,19.93655556,62.24111111
Refrigerator,Friday,21:00:00,2.598177778,20.04,59.52222222
Refrigerator,Friday,22:00:00,2.530655556,20.16355556,59.18555556
Refrigerator,Friday,23:00:00,2.566788889,20.01066667,60.40555556
Refrigerator,Monday,00:00:00,2.504344444,19.95866667,58.53
Refrigerator,Monday,01:00:00,2.611966667,19.93933333,59.74666667
Refrigerator,Monday,02:00:00,2.5269,19.85822222,58.98777778
Refrigerator,Monday,03:00:00,2.525788889,19.98322222,61.32111111
Refrigerator,Monday,04:00:00,2.435988889,19.84688889,58.66
Refrigerator,Monday,05:00:00,2.506133333,20.01733333,59.25777778
Refrigerator,Monday,06:00:00,2.465288889,19.88055556,58.94666667
Refrigerator,Monday,07:00:00,2.551611111,19.96033333,59.84
Refrigerator,Monday,08:00:00,2.524244444,19.79588889,61.62333333
Refrigerator,Monday,09:00:00,2.614966667,20.10544444,61.37888889
Refrigerator,Monday,10:00:00,2.504777778,20.06777778,58.59555556
Refrigerator,Monday,11:00:00,2.560466667,20.06833333,61.76111111
Refrigerator,Monday,12:00:00,2.527666667,19.91855556,61.24333333
Refrigerator,Monday,13:00:00,2.514911111,20.06322222,59.75
Refrigerator,Monday,14:00:00,2.530733333,20.12644444,60.66333333
Refrigerator,Monday,15:00:00,2.567322222,20.10777778,60.44888889
Refrigerator,Monday,16:00:00,2.5101,20.11233333,59.74666667
Refrigerator,Monday,17:00:00,2.448811111,20.07133333,59.38666667
Refrigerator,Monday,18:00:00,2.478088889,20.05577778,59.24333333
Refrigerator,Monday,19:00:00,2.586455556,19.99322222,58.58888889
Refrigerator,Monday,20:00:00,2.564311111,20.04977778,59.75555556
Refrigerator,Monday,21:00:00,2.523077778,19.94388889,58.92333333
Refrigerator,Monday,22:00:00,2.549777778,20.04722222,59.86666667
Refrigerator,Monday,23:00:00,2.570911111,20.05633333,59.43333333
Refrigerator,Saturday,00:00:00,2.576077778,20.15911111,60.04444444
Refrigerator,Saturday,01:00:00,2.482011111,20.13877778,60.36777778
Refrigerator,Saturday,02:00:00,2.511155556,19.97811111,59.23111111
Refrigerator,Saturday,03:00:00,2.535944444,19.99188889,59.87222222
Refrigerator,Saturday,04:00:00,2.577966667,19.98677778,59.07333333
Refrigerator,Saturday,05:00:00,2.569622222,20.08255556,59.43222222
Refrigerator,Saturday,06:00:00,2.4859,20.118,59.70666667
Refrigerator,Saturday,07:00:00,2.560933333,19.87933333,60.58888889
Refrigerator,Saturday,08:00:00,2.5535,20.014,59.28555556
Refrigerator,Saturday,09:00:00,2.527355556,19.97511111,58.77666667
Refrigerator,Saturday,10:00:00,2.5427,20.03,60.61333333
Refrigerator,Saturday,11:00:00,2.576044444,20.02711111,59.67888889
Refrigerator,Saturday,12:00:00,2.560288889,19.90044444,59.09444444
Refrigerator,Saturday,13:00:00,2.562866667,20.04188889,60.94111111
Refrigerator,Saturday,14:00:00,2.532933333,19.95466667,59.96888889
Refrigerator,Saturday,15:00:00,2.660011111,20.04,60.50333333
Refrigerator,Saturday,16:00:00,2.567088889,19.898,60.02222222
Refrigerator,Saturday,17:00:00,2.531377778,20.06911111,60.44222222
Refrigerator,Saturday,18:00:00,2.588155556,20.02166667,61.74222222
Refrigerator,Saturday,19:00:00,2.466066667,20.12388889,59.81
Refrigerator,Saturday,20:00:00,2.503344444,20.09255556,60.45222222
Refrigerator,Saturday,21:00:00,2.578255556,20.07766667,59.83666667
Refrigerator,Saturday,22:00:00,2.502622222,19.94555556,60.96444444
Refrigerator,Saturday,23:00:00,2.551522222,19.96188889,61.85222222
Refrigerator,Sunday,00:00:00,2.477544444,20.15188889,60.96333333
Refrigerator,Sunday,01:00:00,2.504033333,20.09177778,58.00555556
Refrigerator,Sunday,02:00:00,2.564922222,19.87088889,62.49777778
Refrigerator,Sunday,03:00:00,2.520822222,19.91055556,60.72444444
Refrigerator,Sunday,04:00:00,2.563611111,19.97211111,59.43888889
Refrigerator,Sunday,05:00:00,2.519622222,19.81366667,58.04333333
Refrigerator,Sunday,06:00:00,2.572688889,20.09811111,60.27888889
Refrigerator,Sunday,07:00:00,2.5737,20.09755556,59.07333333
Refrigerator,Sunday,08:00:00,2.606288889,20.111,60.28
Refrigerator,Sunday,09:00:00,2.600666667,20.037,60.83555556
Refrigerator,Sunday,10:00:00,2.5611,20.22477778,59.74555556
Refrigerator,Sunday,11:00:00,2.552566667,20.04677778,59.14333333
Refrigerator,Sunday,12:00:00,2.570944444,20.01944444,58.85222222
Refrigerator,Sunday,13:00:00,2.5719,20.01555556,59.51666667
Refrigerator,Sunday,14:00:00,2.573444444,20.11822222,59.6
Refrigerator,Sunday,15:00:00,2.552122222,20.07811111,59.75444444
Refrigerator,Sunday,16:00:00,2.586933333,20.03577778,59.65444444
Refrigerator,Sunday,17:00:00,2.543666667,20.09422222,60.35777778
Refrigerator,Sunday,18:00:00,2.597844444,20.00377778,59.35888889
Refrigerator,Sunday,19:00:00,2.505866667,19.90222222,59.89555556
Refrigerator,Sunday,20:00:00,2.576577778,19.995,61.34777778
Refrigerator,Sunday,21:00:00,2.5232,19.87177778,57.94777778
Refrigerator,Sunday,22:00:00,2.502044444,20.15011111,60.05777778
Refrigerator,Sunday,23:00:00,2.5742,19.87744444,58.74333333
Refrigerator,Thursday,00:00:00,2.520766667,19.95244444,60.13222222
Refrigerator,Thursday,01:00:00,2.641011111,20.03877778,61.06666667
Refrigerator,Thursday,02:00:00,2.513588889,20.07033333,58.68888889
Refrigerator,Thursday,03:00:00,2.602411111,20.00511111,60.02222222
Refrigerator,Thursday,04:00:00,2.512233333,20.11622222,60.7
Refrigerator,Thursday,05:00:00,2.566033333,20.07833333,59.9
Refrigerator,Thursday,06:00:00,2.570166667,19.91522222,59.17777778
Refrigerator,Thursday,07:00:00,2.605233333,20.03466667,61.12777778
Refrigerator,Thursday,08:00:00,2.534466667,20.00888889,60.55333333
Refrigerator,Thursday,09:00:00,2.531655556,20.137,60.46333333
Refrigerator,Thursday,10:00:00,2.555077778,20.07544444,59.41333333
Refrigerator,Thursday,11:00:00,2.563777778,20.06233333,60.47333333
Refrigerator,Thursday,12:00:00,2.500488889,20.09033333,59.18222222
Refrigerator,Thursday,13:00:00,2.513577778,19.94277778,60.61888889
Refrigerator,Thursday,14:00:00,2.499844444,20.18177778,61.28555556
Refrigerator,Thursday,15:00:00,2.623522222,19.99966667,59.02888889
Refrigerator,Thursday,16:00:00,2.648177778,20.03333333,62.43444444
Refrigerator,Thursday,17:00:00,2.563,20.04722222,62.51
Refrigerator,Thursday,18:00:00,2.596911111,20.01155556,60.24333333
Refrigerator,Thursday,19:00:00,2.607544444,20.118,58.51555556
Refrigerator,Thursday,20:00:00,2.553822222,19.89166667,59.96666667
Refrigerator,Thursday,21:00:00,2.479688889,19.99077778,59.25555556
Refrigerator,Thursday,22:00:00,2.587844444,19.94722222,60.64111111
Refrigerator,Thursday,23:00:00,2.579044444,19.78588889,59.46666667
Refrigerator,Tuesday,00:00:00,2.5699,20.11488889,60.58555556
Refrigerator,Tuesday,01:00:00,2.661022222,20.07288889,61.01333333
Refrigerator,Tuesday,02:00:00,2.493366667,20.02911111,60.08111111
Refrigerator,Tuesday,03:00:00,2.5995,20.09011111,58.61111111
Refrigerator,Tuesday,04:00:00,2.613044444,19.86166667,60.68111111
Refrigerator,Tuesday,05:00:00,2.553055556,20.00922222,61.21333333
Refrigerator,Tuesday,06:00:00,2.591566667,19.77177778,61.28888889
Refrigerator,Tuesday,07:00:00,2.537844444,19.93344444,60.48555556
Refrigerator,Tuesday,08:00:00,2.537733333,19.93966667,59.47888889
Refrigerator,Tuesday,09:00:00,2.607022222,19.93333333,61.84333333
Refrigerator,Tuesday,10:00:00,2.589711111,20.065,60.22444444
Refrigerator,Tuesday,11:00:00,2.542233333,19.82544444,59.84111111
Refrigerator,Tuesday,12:00:00,2.6204,20.157,58.13
Refrigerator,Tuesday,13:00:00,2.4888,19.942,61.44
Refrigerator,Tuesday,14:00:00,2.454288889,20.06944444,59.93777778
Refrigerator,Tuesday,15:00:00,2.520766667,19.89666667,59.52666667
Refrigerator,Tuesday,16:00:00,2.538622222,20.08333333,59.70333333
Refrigerator,Tuesday,17:00:00,2.510533333,20.17822222,59.43333333
Refrigerator,Tuesday,18:00:00,2.594166667,19.82844444,58.86555556
Refrigerator,Tuesday,19:00:00,2.571855556,20.02011111,59.42888889
Refrigerator,Tuesday,20:00:00,2.467855556,20.17488889,61.27333333
Refrigerator,Tuesday,21:00:00,2.502566667,20.06711111,57.63555556
Refrigerator,Tuesday,22:00:00,2.533433333,20.01688889,61.42
Refrigerator,Tuesday,23:00:00,2.553211111,20.06555556,59.78555556
Refrigerator,Wednesday,00:00:00,2.492844444,20.04211111,61.15777778
Refrigerator,Wednesday,01:00:00,2.623744444,20.02844444,59.39555556
Refrigerator,Wednesday,02:00:00,2.579455556,19.91844444,59.89444444
Refrigerator,Wednesday,03:00:00,2.577844444,20.02888889,60.32333333
Refrigerator,Wednesday,04:00:00,2.5629,20.05355556,60.36
Refrigerator,Wednesday,05:00:00,2.561488889,20.08822222,59.27
Refrigerator,Wednesday,06:00:00,2.614277778,19.95388889,59.56888889
Refrigerator,Wednesday,07:00:00,2.547244444,19.89833333,57.62
Refrigerator,Wednesday,08:00:00,2.541522222,20.05733333,58.9
Refrigerator,Wednesday,09:00:00,2.573711111,19.91733333,58.79444444
Refrigerator,Wednesday,10:00:00,2.636311111,20.04377778,58.60666667
Refrigerator,Wednesday,11:00:00,2.513222222,19.92177778,59.58777778
Refrigerator,Wednesday,12:00:00,2.544433333,19.97588889,61.47888889
Refrigerator,Wednesday,13:00:00,2.525166667,19.88822222,59.70222222
Refrigerator,Wednesday,14:00:00,2.516555556,20.05355556,58.78222222
Refrigerator,Wednesday,15:00:00,2.491433333,19.88255556,60.39777778
Refrigerator,Wednesday,16:00:00,2.492922222,20.19833333,58.63555556
Refrigerator,Wednesday,17:00:00,2.6179,20.025,62.20333333
Refrigerator,Wednesday,18:00:00,2.633944444,19.89911111,62.12888889
Refrigerator,Wednesday,19:00:00,2.452533333,19.95066667,58.64111111
Refrigerator,Wednesday,20:00:00,2.560155556,20.02288889,61.68444444
Refrigerator,Wednesday,21:00:00,2.5728,19.98411111,60.06
Refrigerator,Wednesday,22:00:00,2.599777778,19.96822222,60.09
Refrigerator,Wednesday,23:00:00,2.532066667,20.03044444,59.96333333
Washing Machine,Friday,00:00:00,2.606255556,19.79466667,59.94555556
Washing Machine,Friday,01:00:00,2.573222222,20.07133333,60.97777778
Washing Machine,Friday,02:00:00,2.495633333,20.09577778,61.53333333
Washing Machine,Friday,03:00:00,2.448155556,20.11766667,60.69888889
Washing Machine,Friday,04:00:00,2.594511111,19.91277778,59.23222222
Washing Machine,Friday,05:00:00,2.670922222,20.01733333,58.7
Washing Machine,Friday,06:00:00,2.621955556,20.04911111,58.76333333
Washing Machine,Friday,07:00:00,2.636544444,19.90066667,59.14888889
Washing Machine,Friday,08:00:00,2.581488889,20.012,59.42222222
Washing Machine,Friday,09:00:00,2.515855556,20.02377778,61.57555556
Washing Machine,Friday,10:00:00,2.565677778,20.02044444,60.00444444
Washing Machine,Friday,11:00:00,2.544977778,20.07611111,59.63444444
Washing Machine,Friday,12:00:00,2.543433333,20.00533333,57.60555556
Washing Machine,Friday,13:00:00,2.583166667,19.90388889,61.22111111
Washing Machine,Friday,14:00:00,2.463977778,20.04033333,60.78222222
Washing Machine,Friday,15:00:00,2.540611111,19.97888889,59.30555556
Washing Machine,Friday,16:00:00,2.546411111,20.02688889,59.79111111
Washing Machine,Friday,17:00:00,2.585155556,20.14266667,59.20666667
Washing Machine,Friday,18:00:00,2.551544444,20.07266667,57.93111111
Washing Machine,Friday,19:00:00,2.557933333,20.002,61.55222222
Washing Machine,Friday,20:00:00,2.613522222,20.13533333,60.15333333
Washing Machine,Friday,21:00:00,2.483,19.97355556,59.54333333
Washing Machine,Friday,22:00:00,2.498955556,20.07288889,61.63555556
Washing Machine,Friday,23:00:00,2.530377778,20.02566667,58.34444444
Washing Machine,Monday,00:00:00,2.542933333,19.87155556,56.96777778
Washing Machine,Monday,01:00:00,2.551533333,19.98522222,59.07666667
Washing Machine,Monday,02:00:00,2.471622222,19.92544444,61.49444444
Washing Machine,Monday,03:00:00,2.543088889,20.04555556,58.75666667
Washing Machine,Monday,04:00:00,2.527044444,20.10122222,58.26777778
Washing Machine,Monday,05:00:00,2.584066667,19.86333333,60.39777778
Washing Machine,Monday,06:00:00,2.599988889,19.77922222,61.47444444
Washing Machine,Monday,07:00:00,2.571033333,19.95677778,59.01666667
Washing Machine,Monday,08:00:00,2.529211111,19.89666667,59.84555556
Washing Machine,Monday,09:00:00,2.4814,20.212,60.66333333
Washing Machine,Monday,10:00:00,2.525455556,20.00855556,58.25111111
Washing Machine,Monday,11:00:00,2.544455556,20.12211111,59.6
Washing Machine,Monday,12:00:00,2.503066667,20.03233333,61.74333333
Washing Machine,Monday,13:00:00,2.611111111,20.04277778,59.73333333
Washing Machine,Monday,14:00:00,2.616811111,19.92688889,59.38222222
Washing Machine,Monday,15:00:00,2.5644,19.95711111,60.89555556
Washing Machine,Monday,16:00:00,2.5556,20.002,61.82
Washing Machine,Monday,17:00:00,2.598755556,20.05422222,59.01666667
Washing Machine,Monday,18:00:00,2.502666667,20.05255556,59.99222222
Washing Machine,Monday,19:00:00,2.601066667,20.13055556,61.78666667
Washing Machine,Monday,20:00:00,2.574233333,20.08766667,60.50444444
Washing Machine,Monday,21:00:00,2.600355556,20.05422222,58.47444444
Washing Machine,Monday,22:00:00,2.4959,19.93511111,59.03555556
Washing Machine,Monday,23:00:00,2.498544444,20.01888889,59.83222222
Washing Machine,Saturday,00:00:00,2.4829,20.067,58.11111111
Washing Machine,Saturday,01:00:00,2.566255556,19.94733333,60.24222222
Washing Machine,Saturday,02:00:00,2.597266667,20.01444444,59.68444444
Washing Machine,Saturday,03:00:00,2.543277778,19.96611111,60.10555556
Washing Machine,Saturday,04:00:00,2.5382,19.99044444,59.29222222
Washing Machine,Saturday,05:00:00,2.431988889,19.92711111,61.07666667
Washing Machine,Saturday,06:00:00,2.577666667,19.86077778,57.54
Washing Machine,Saturday,07:00:00,2.530411111,19.98244444,60.64111111
Washing Machine,Saturday,08:00:00,2.510711111,20.02322222,60.23888889
Washing Machine,Saturday,09:00:00,2.585011111,20.16,61.27333333
Washing Machine,Saturday,10:00:00,2.485322222,20.00277778,61.40555556
Washing Machine,Saturday,11:00:00,2.452611111,19.88266667,60.77444444
Washing Machine,Saturday,12:00:00,2.563811111,20.06566667,59.26777778
Washing Machine,Saturday,13:00:00,2.519855556,20.00133333,60.52444444
Washing Machine,Saturday,14:00:00,2.457188889,20.02466667,59.56444444
Washing Machine,Saturday,15:00:00,2.5889,20.16244444,59.45333333
Washing Machine,Saturday,16:00:00,2.549277778,20.00733333,60.45
Washing Machine,Saturday,17:00:00,2.558822222,20.063,58.33444444
Washing Machine,Saturday,18:00:00,2.537188889,20.05433333,59.19222222
Washing Machine,Saturday,19:00:00,2.515844444,20.20566667,60.51444444
Washing Machine,Saturday,20:00:00,2.554144444,20.02011111,60.33888889
Washing Machine,Saturday,21:00:00,2.582111111,20.04177778,60.34888889
Washing Machine,Saturday,22:00:00,2.531211111,20.09,59.97666667
Washing Machine,Saturday,23:00:00,2.549988889,19.98422222,59.24222222
Washing Machine,Sunday,00:00:00,2.599222222,20.10211111,60.30222222
Washing Machine,Sunday,01:00:00,2.578255556,20.09488889,60.06222222
Washing Machine,Sunday,02:00:00,2.603955556,19.95688889,59.95
Washing Machine,Sunday,03:00:00,2.4959,20.08677778,60.42777778
Washing Machine,Sunday,04:00:00,2.544044444,20.05155556,63.36777778
Washing Machine,Sunday,05:00:00,2.616133333,20.26488889,60.25888889
Washing Machine,Sunday,06:00:00,2.500866667,19.84711111,59.61888889
Washing Machine,Sunday,07:00:00,2.531122222,19.82611111,60.08666667
Washing Machine,Sunday,08:00:00,2.522511111,19.89033333,59.35444444
Washing Machine,Sunday,09:00:00,2.419211111,19.95044444,58.27333333
Washing Machine,Sunday,10:00:00,2.506533333,20.16888889,59.66666667
Washing Machine,Sunday,11:00:00,2.533233333,19.82155556,60.50444444
Washing Machine,Sunday,12:00:00,2.584511111,19.86844444,62.31111111
Washing Machine,Sunday,13:00:00,2.540288889,20.14122222,60.38888889
Washing Machine,Sunday,14:00:00,2.5633,19.90855556,60.26333333
Washing Machine,Sunday,15:00:00,2.521311111,19.92933333,59.76555556
Washing Machine,Sunday,16:00:00,2.560677778,20.00866667,60.19555556
Washing Machine,Sunday,17:00:00,2.549222222,19.93811111,59.09
Washing Machine,Sunday,18:00:00,2.5531,20.14166667,59.91222222
Washing Machine,Sunday,19:00:00,2.561722222,20.18666667,59.63777778
Washing Machine,Sunday,20:00:00,2.585333333,19.89077778,58.52111111
Washing Machine,Sunday,21:00:00,2.566111111,19.96255556,60.22666667
Washing Machine,Sunday,22:00:00,2.524888889,20.04577778,60.71888889
Washing Machine,Sunday,23:00:00,2.560233333,20.01511111,60.95222222
Washing Machine,Thursday,00:00:00,2.527566667,20.07388889,59.64333333
Washing Machine,Thursday,01:00:00,2.544433333,19.96533333,60.19
Washing Machine,Thursday,02:00:00,2.556322222,19.69266667,60.38
Washing Machine,Thursday,03:00:00,2.560233333,19.92611111,62.05555556
Washing Machine,Thursday,04:00:00,2.468866667,19.924,61.28555556
Washing Machine,Thursday,05:00:00,2.526955556,19.91355556,59.93333333
Washing Machine,Thursday,06:00:00,2.523177778,19.9,60.19111111
Washing Machine,Thursday,07:00:00,2.536155556,20.06966667,61.07666667
Washing Machine,Thursday,08:00:00,2.4096,20.15777778,60.81222222
Washing Machine,Thursday,09:00:00,2.397533333,19.951,59.51777778
Washing Machine,Thursday,10:00:00,2.460055556,19.79788889,60.6
Washing Machine,Thursday,11:00:00,2.535966667,20.049,60.22
Washing Machine,Thursday,12:00:00,2.610344444,20.00666667,59.49777778
Washing Machine,Thursday,13:00:00,2.533133333,19.75688889,60.87333333
Washing Machine,Thursday,14:00:00,2.599077778,19.81311111,56.93444444
Washing Machine,Thursday,15:00:00,2.616444444,20.01122222,58.22
Washing Machine,Thursday,16:00:00,2.5141,20.00155556,60.53111111
Washing Machine,Thursday,17:00:00,2.544177778,19.91944444,59.38333333
Washing Machine,Thursday,18:00:00,2.490588889,20.11844444,60.91222222
Washing Machine,Thursday,19:00:00,2.559211111,19.85711111,59.36666667
Washing Machine,Thursday,20:00:00,2.577355556,20.045,58.81111111
Washing Machine,Thursday,21:00:00,2.554633333,20.02844444,60.47
Washing Machine,Thursday,22:00:00,2.5344,19.95722222,60.13111111
Washing Machine,Thursday,23:00:00,2.561777778,19.86333333,60.82777778
Washing Machine,Tuesday,00:00:00,2.548366667,19.99411111,58.49444444
Washing Machine,Tuesday,01:00:00,2.524622222,19.93966667,59.22555556
Washing Machine,Tuesday,02:00:00,2.544377778,20.09277778,64.02111111
Washing Machine,Tuesday,03:00:00,2.521133333,19.95322222,59.62111111
Washing Machine,Tuesday,04:00:00,2.565133333,20.00877778,60.31444444
Washing Machine,Tuesday,05:00:00,2.597855556,19.99566667,59.33333333
Washing Machine,Tuesday,06:00:00,2.573266667,19.88466667,59.18555556
Washing Machine,Tuesday,07:00:00,2.5566,19.96211111,58.02
Washing Machine,Tuesday,08:00:00,2.4137,20.075,59.17333333
Washing Machine,Tuesday,09:00:00,2.557055556,20.05722222,60.94
Washing Machine,Tuesday,10:00:00,2.588133333,19.92888889,61.55222222
Washing Machine,Tuesday,11:00:00,2.637555556,20.001,59.24666667
Washing Machine,Tuesday,12:00:00,2.511811111,19.97044444,58.09777778
Washing Machine,Tuesday,13:00:00,2.554911111,20.02622222,60.89111111
Washing Machine,Tuesday,14:00:00,2.493877778,19.86455556,59.81666667
Washing Machine,Tuesday,15:00:00,2.417188889,20.07388889,60.08555556
Washing Machine,Tuesday,16:00:00,2.503633333,20.01766667,59.69555556
Washing Machine,Tuesday,17:00:00,2.586188889,19.96077778,59.69111111
Washing Machine,Tuesday,18:00:00,2.502066667,20.04044444,60.85333333
Washing Machine,Tuesday,19:00:00,2.558411111,19.95511111,58.35888889
Washing Machine,Tuesday,20:00:00,2.524222222,20.08944444,58.90333333
Washing Machine,Tuesday,21:00:00,2.577844444,19.87911111,59.84
Washing Machine,Tuesday,22:00:00,2.529033333,19.83888889,58.44111111
Washing Machine,Tuesday,23:00:00,2.601533333,20.01655556,60.79777778
Washing Machine,Wednesday,00:00:00,2.542288889,20.01377778,60.46111111
Washing Machine,Wednesday,01:00:00,2.525044444,19.97588889,59.45111111
Washing Machine,Wednesday,02:00:00,2.515688889,20.05655556,58.88
Washing Machine,Wednesday,03:00:00,2.511566667,20.04855556,61.94
Washing Machine,Wednesday,04:00:00,2.647088889,19.95933333,60.78444444
Washing Machine,Wednesday,05:00:00,2.609688889,20.11855556,60.50777778
Washing Machine,Wednesday,06:00:00,2.570022222,20.13433333,59.94444444
Washing Machine,Wednesday,07:00:00,2.584611111,19.98355556,59.88
Washing Machine,Wednesday,08:00:00,2.539255556,19.99155556,61.04111111
Washing Machine,Wednesday,09:00:00,2.514044444,20.02311111,61.69222222
Washing Machine,Wednesday,10:00:00,2.578844444,20.07466667,58.10666667
Washing Machine,Wednesday,11:00:00,2.517211111,19.94288889,62.26777778
Washing Machine,Wednesday,12:00:00,2.4705,20.05333333,61.72666667
Washing Machine,Wednesday,13:00:00,2.504255556,19.98588889,58.52444444
Washing Machine,Wednesday,14:00:00,2.521677778,19.898,59.52444444
Washing Machine,Wednesday,15:00:00,2.493166667,20.01388889,60.72222222
Washing Machine,Wednesday,16:00:00,2.520844444,19.99288889,59.89666667
Washing Machine,Wednesday,17:00:00,2.581622222,20.085,60.09555556
Washing Machine,Wednesday,18:00:00,2.5917,20.00855556,59.25333333
Washing Machine,Wednesday,19:00:00,2.553011111,20.081,61.35777778
Washing Machine,Wednesday,20:00:00,2.5802,20.12911111,62.75888889
Washing Machine,Wednesday,21:00:00,2.610177778,20.05744444,60.70888889
Washing Machine,Wednesday,22:00:00,2.558988889,20.11322222,60.23222222
Washing Machine,Wednesday,23:00:00,2.562733333,19.97377778,58.09
